<configuration>
  <appender name="STDOUT" class="ch.qos.logback.core.ConsoleAppender">
    <encoder>
      <pattern>%d{HH:mm:ss.SSS} [%thread] %-5level %logger{36} - %msg%n</pattern>
    </encoder>
  </appender>

  <logger name="com.codenotfound" level="INFO" />
  <logger name="org.springframework" level="WARN" />
  <!-- turn HtmlUnit warnings off -->
  <logger name="com.gargoylesoftware.htmlunit" level="ERROR" />
  <!-- turn tomcat scan warnings off -->
  <logger name="org.apache.tomcat.util.scan" level="ERROR" />

  <root level="WARN">
    <appender-ref ref="STDOUT" />
  </root>
</configuration>
